shashikiran,2025-08-13 22:11:59
shashikiran,2025-08-13 22:14:12
shashikiran,2025-08-13 22:15:05
shashikiran,2025-08-13 22:16:15
shashikiran,2025-08-13 22:16:44
shashikiran,2025-08-13 22:17:09
shashikiran,2025-08-13 22:19:15
shashikiran,2025-08-13 22:20:24
shashikiran,2025-08-13 22:20:24
shashikiran,2025-08-13 22:28:26
shashikiran,2025-08-13 22:31:19
shashikiran,2025-08-13 22:32:06
shashikiran,2025-08-13 22:33:27
shashikiran,2025-08-13 22:35:08
shashikiran,2025-08-13 22:41:02
shashikiran,2025-08-13 22:41:37
shashikiran,2025-08-13 22:47:00
shashikiran,2025-08-14 15:45:11
shashikiran,2025-08-14 15:56:54
shashikiran,2025-08-14 16:03:50
shashikiran,2025-08-14 16:08:50
shashikiran,2025-08-14 16:21:21
